"семейный", "семейный"
"приключени", "приключени"
"аниме", "аниме"
"боевик", "боевик"
"музыкальный", "музыкальный"
"комедия", "комедия"
"военный", "военный"
"романтическая драма", "романтическая драма"
"детектив", "детектив"
"опера", "опера"
"спектакль", "спектакль"
"катастрофа", "катастрофа"
"драма", "драма"
"ужасы", "ужасы"
"анимационная комедия", "анимационная комедия"
"документальный", "документальный"
"экспериментальный", "экспериментальный"
"фантасти", "фантасти"
"триллер", "триллер"
"исторический", "исторический"
"анимация", "анимация"
"приклю", "приклю"
"мелодрама", "мелодрама"
"документ", "документ"
"фантастика", "фантастика"
"балет", "балет"
"комедийный экшн", "комедийный экшн"
"фантас", "фантас"
"фильм катастрофа", "фильм катастрофа"
"биография", "биография"
"приключения", "приключения"
"приключенческий экшн", "приключенческий экшн"
"фэнтези", "фэнтези"
"Фильм-выставка", "Фильм-выставка"
"спорт", "спорт"
"семейн", "семейн"
"экшн", "экшн"
