"Мир Юрского периода 2", "Мир Юрского периода 2"
"Гонка века", "Гонка века"
"Славные пташки", "Славные пташки"
"TheatreHD: Globe: Король Лир", "TheatreHD: Globe: Король Лир"
"АртЛекторийВкино: Леонардо HD", "АртЛекторийВкино: Леонардо HD"
"Винчестер. Дом, который построили призраки", "Винчестер. Дом, который построили призраки"
"Суперсемейка 2", "Суперсемейка 2"
"Девушки и танки", "Девушки и танки"
"Новое кино Австрии: Эгон Шиле: Смерть и дева", "Новое кино Австрии: Эгон Шиле: Смерть и дева"
"Знаешь, мама, где я был?", "Знаешь, мама, где я был?"
"TheatreHD: Суровое испытание", "TheatreHD: Суровое испытание"
"Третья волна зомби", "Третья волна зомби"
"Чёрная пантера", "Чёрная пантера"
"Мстители: Война бесконечности", "Мстители: Война бесконечности"
"АртЛекторийВкино: Я, Клод Моне", "АртЛекторийВкино: Я, Клод Моне"
"TheatreHD: Одержимость", "TheatreHD: Одержимость"
"TheatreHD: Ромео и Джульетта", "TheatreHD: Ромео и Джульетта"
"Зачётный препод 3", "Зачётный препод 3"
"Великолепная", "Великолепная"
"TheatreHD: Комеди Франсез: Исправленный щеголь", "TheatreHD: Комеди Франсез: Исправленный щеголь"
"Вествуд: Панк, Икона, Активист (Оригинальная версия с субтитрами)", "Вествуд: Панк, Икона, Активист (Оригинальная версия с субтитрами)"
"Мир Юрского периода 2 (Оригинальная версия с субтитрами)", "Мир Юрского периода 2 (Оригинальная версия с субтитрами)"
"TheatreHD: Так поступают все женщины", "TheatreHD: Так поступают все женщины"
"АртЛекторийВкино: Микеланджело: Любовь и смерть", "АртЛекторийВкино: Микеланджело: Любовь и смерть"
"TheatreHD: Леонардо HD", "TheatreHD: Леонардо HD"
"Мария Магдалина (Оригинальная версия с субтитрами)", "Мария Магдалина (Оригинальная версия с субтитрами)"
"TheatreHD: Золотая маска: Барабаны в ночи", "TheatreHD: Золотая маска: Барабаны в ночи"
"Я сражаюсь с великанами", "Я сражаюсь с великанами"
"Большой злой лис и другие сказки", "Большой злой лис и другие сказки"
"Тренер", "Тренер"
"Остров Собак", "Остров Собак"
"Операция «Шаровая молния»", "Операция «Шаровая молния»"
"Дэдпул 2", "Дэдпул 2"
"Пассажир", "Пассажир"
"TheatreHD: Пламя Парижа", "TheatreHD: Пламя Парижа"
"Тихоокеанский рубеж 2 (Оригинальная версия с субтитрами)", "Тихоокеанский рубеж 2 (Оригинальная версия с субтитрами)"
"АртЛекторийВкино: Ренуар-Неизвестный художник", "АртЛекторийВкино: Ренуар-Неизвестный художник"
"Тихоокеанский рубеж 2", "Тихоокеанский рубеж 2"
"Земляничная поляна", "Земляничная поляна"
"TheatreHD: Макбет: Рори Киннир", "TheatreHD: Макбет: Рори Киннир"
"Взрослые игры (Оригинальная версия с субтитрами)", "Взрослые игры (Оригинальная версия с субтитрами)"
"Лёд", "Лёд"
"АртЛекторийВкино: Винсент Ван-Гог-Новый взгляд", "АртЛекторийВкино: Винсент Ван-Гог-Новый взгляд"
"TheatreHD: Розенкранц и Гильденстерн мертвы", "TheatreHD: Розенкранц и Гильденстерн мертвы"
"АртЛекторийВкино: Дэвид Хокни. Поп-арт в Королевской академии художеств", "АртЛекторийВкино: Дэвид Хокни. Поп-арт в Королевской академии художеств"
"TheatreHD: Кошка на раскалённой крыше", "TheatreHD: Кошка на раскалённой крыше"
"Кролик Питер", "Кролик Питер"
"Взрослые игры", "Взрослые игры"
"TheatreHD: Юлий Цезарь: Бен Уишоу", "TheatreHD: Юлий Цезарь: Бен Уишоу"
"Мария Магдалина", "Мария Магдалина"
"Жажда смерти", "Жажда смерти"
"Тебя никогда здесь не было", "Тебя никогда здесь не было"
"Не в себе", "Не в себе"
"АртЛекторийВкино: Эгон Шиле: Смерть и дева", "АртЛекторийВкино: Эгон Шиле: Смерть и дева"
"TheatreHD: Золотая маска: Иванов", "TheatreHD: Золотая маска: Иванов"
"АртЛекторийВкино: Сезанн. Портреты жизни", "АртЛекторийВкино: Сезанн. Портреты жизни"
"TheatreHD: Гамлет: Камбербэтч", "TheatreHD: Гамлет: Камбербэтч"
"Свинья", "Свинья"
"Титан", "Титан"
"TheatreHD: Комеди Франсез: Ромео и Джульетта", "TheatreHD: Комеди Франсез: Ромео и Джульетта"
"Тебя никогда здесь не было (Оригинальная версия с субтитрами)", "Тебя никогда здесь не было (Оригинальная версия с субтитрами)"
"Седьмая печать", "Седьмая печать"
"TheatreHD+Синхронизация: Одержимость", "TheatreHD+Синхронизация: Одержимость"
"TheatreHD: Молодой Маркс", "TheatreHD: Молодой Маркс"
"АртЛекторийВкино: Мане: Жизнь на холсте", "АртЛекторийВкино: Мане: Жизнь на холсте"
"АртЛекторийВкино: Матисс", "АртЛекторийВкино: Матисс"
"TheatreHD: Доктор Фауст", "TheatreHD: Доктор Фауст"
"Мстители: Война бесконечности (Оригинальная версия с субтитрами)", "Мстители: Война бесконечности (Оригинальная версия с субтитрами)"
"Персона", "Персона"
"TheatreHD: Женщина, не стоящая внимания", "TheatreHD: Женщина, не стоящая внимания"
"Дэдпул 2 (Оригинальная версия с субтитрами)", "Дэдпул 2 (Оригинальная версия с субтитрами)"
"Парк Юрского периода", "Парк Юрского периода"
"Миссия невыполнима: Последствия", "Миссия невыполнима: Последствия"
"Правда или действие", "Правда или действие"
"АртЛекторийВкино: David Bowie is", "АртЛекторийВкино: David Bowie is"
"TheatreHD: RSC: Макбет", "TheatreHD: RSC: Макбет"
"МУЛЬТ в кино. Выпуск №72", "МУЛЬТ в кино. Выпуск №72"
"TheatreHD: Трубадур", "TheatreHD: Трубадур"
"Гоголь. Вий", "Гоголь. Вий"
"TheatreHD: Золушка", "TheatreHD: Золушка"
"TheatreHD: Семирамида", "TheatreHD: Семирамида"
"Tomb Raider: Лара Крофт", "Tomb Raider: Лара Крофт"
"Сталинград", "Сталинград"
"Твой выход, детка!", "Твой выход, детка!"
"Логово монстра", "Логово монстра"
"Укрась прощальное утро цветами обещания", "Укрась прощальное утро цветами обещания"
"TheatreHD:БТ: Ромео и Джульетта", "TheatreHD:БТ: Ромео и Джульетта"
"Лицо", "Лицо"
"TheatreHD: Коппелия", "TheatreHD: Коппелия"
"Монстры на каникулах 3: Море зовёт", "Монстры на каникулах 3: Море зовёт"
"Танки", "Танки"
"Привидение", "Привидение"
"Не в себе (Оригинальная версия с субтитрами)", "Не в себе (Оригинальная версия с субтитрами)"
"TheatreHD: Золотая маска: Коварство и любовь", "TheatreHD: Золотая маска: Коварство и любовь"
"АртЛекторийВкино: Викинги в Британском музее", "АртЛекторийВкино: Викинги в Британском музее"
"Опасный бизнес", "Опасный бизнес"
"TheatreHD: Луиза Миллер", "TheatreHD: Луиза Миллер"
"Папа-мама гусь", "Папа-мама гусь"
"Излом времени", "Излом времени"
"TheatreHD: Йерма", "TheatreHD: Йерма"
"TheatreHD: Веер леди Уиндермир", "TheatreHD: Веер леди Уиндермир"
"АртЛекторийВкино: Импрессионисты", "АртЛекторийВкино: Импрессионисты"
"TheatreHD: The Met: Таис и встреча с Томасом Хэмпсоном", "TheatreHD: The Met: Таис и встреча с Томасом Хэмпсоном"
"Остров Собак (Оригинальная версия с субтитрами)", "Остров Собак (Оригинальная версия с субтитрами)"
"TheatreHD: Комеди Франсез: Проделки Скапена", "TheatreHD: Комеди Франсез: Проделки Скапена"
"Осенняя соната", "Осенняя соната"
"TheatreHD: "Жизель"", "TheatreHD: "Жизель""
"АртЛекторийВкино: Сад художника: Американский импрессионизм", "АртЛекторийВкино: Сад художника: Американский импрессионизм"
"Красный воробей", "Красный воробей"
"О чем говорят мужчины. Продолжение", "О чем говорят мужчины. Продолжение"
"Девушки и танки (Оригинальная версия с субтитрами)", "Девушки и танки (Оригинальная версия с субтитрами)"
"Тихое место", "Тихое место"
"Хан Соло: Звёздные Войны. Истории", "Хан Соло: Звёздные Войны. Истории"
"Старое ружье", "Старое ружье"
"Дикие предки", "Дикие предки"
"МУЛЬТ в кино. Выпуск №73", "МУЛЬТ в кино. Выпуск №73"
"Дыши во мгле", "Дыши во мгле"
"Мэри и ведьмин цветок", "Мэри и ведьмин цветок"
"Шепоты и крики", "Шепоты и крики"
"Правда или действие (Оригинальная версия с субтитрами)", "Правда или действие (Оригинальная версия с субтитрами)"
"АртЛекторийВкино: Революция-новое искусство для нового мира", "АртЛекторийВкино: Революция-новое искусство для нового мира"
"Невероятная история о гигантской груше", "Невероятная история о гигантской груше"
"Шерлок Гномс", "Шерлок Гномс"
"Хан Соло: Звёздные Войны. Истории (Оригинальная версия с субтитрами)", "Хан Соло: Звёздные Войны. Истории (Оригинальная версия с субтитрами)"
"Черновик", "Черновик"
"АртЛекторийВкино: Мунк-150", "АртЛекторийВкино: Мунк-150"
"Человек-муравей и Оса", "Человек-муравей и Оса"
"Собибор", "Собибор"
"АртЛекторийВкино: Сады в живописи-от Моне до Матисса", "АртЛекторийВкино: Сады в живописи-от Моне до Матисса"
"Я худею", "Я худею"
"TheatreHD: "Любовный напиток"", "TheatreHD: "Любовный напиток""
"Первому игроку приготовиться", "Первому игроку приготовиться"
"TheatreHD: RSC: Двенадцатая ночь", "TheatreHD: RSC: Двенадцатая ночь"
"Пчёлка Майя и Кубок мёда", "Пчёлка Майя и Кубок мёда"
"Экипаж.", "Экипаж."
"Тихое место (Оригинальная версия с субтитрами)", "Тихое место (Оригинальная версия с субтитрами)"
"Каникулы Президента", "Каникулы Президента"
"Винчестер. Дом, который построили призраки (Оригинальная версия с субтитрами)", "Винчестер. Дом, который построили призраки (Оригинальная версия с субтитрами)"
"Точка невозврата", "Точка невозврата"
"Леонардо: Миссия Мона Лиза", "Леонардо: Миссия Мона Лиза"
"TheatreHD: "Богема"", "TheatreHD: "Богема""
"Первому игроку приготовиться (Оригинальная версия с субтитрами)", "Первому игроку приготовиться (Оригинальная версия с субтитрами)"
"Опасный бизнес (Оригинальная версия с субтитрами)", "Опасный бизнес (Оригинальная версия с субтитрами)"
"#ЗАНОВОРОДИТЬСЯ", "#ЗАНОВОРОДИТЬСЯ"
"Новое кино Австрии: Звезда", "Новое кино Австрии: Звезда"
"Белль и Себастьян", "Белль и Себастьян"
"Турецкое седло", "Турецкое седло"
"АртЛекторийВкино: Удивительный мир Иеронима Босха", "АртЛекторийВкино: Удивительный мир Иеронима Босха"
"Рэмпейдж", "Рэмпейдж"
"Укрась прощальное утро цветами обещания (Оригинальная версия с субтитрами)", "Укрась прощальное утро цветами обещания (Оригинальная версия с субтитрами)"
